{
  "specific_terms": {
    "vector_only": {
      "mean": 63.898563385009766,
      "median": 9.263277053833008,
      "min": 7.529258728027344,
      "max": 503.37910652160645
    },
    "bm25_only": {
      "mean": 0.3117455376519097,
      "median": 0.1881122589111328,
      "min": 0.11777877807617188,
      "max": 1.2679100036621094
    },
    "hybrid_basic": {
      "mean": 9.843217002020943,
      "median": 9.282827377319336,
      "min": 8.159399032592773,
      "max": 15.462875366210938
    },
    "hybrid_rerank": {
      "mean": 78.52607303195529,
      "median": 87.11552619934082,
      "min": 48.071861267089844,
      "max": 110.53824424743652
    },
    "hybrid_classified": {
      "mean": 0.3763039906819661,
      "median": 0.3688335418701172,
      "min": 0.26607513427734375,
      "max": 0.5099773406982422
    }
  },
  "semantic": {
    "vector_only": {
      "mean": 8.382161458333334,
      "median": 8.193254470825195,
      "min": 7.476568222045898,
      "max": 10.33926010131836
    },
    "bm25_only": {
      "mean": 0.3962251875135634,
      "median": 0.25391578674316406,
      "min": 0.17881393432617188,
      "max": 1.0142326354980469
    },
    "hybrid_basic": {
      "mean": 9.407096438937717,
      "median": 9.504556655883789,
      "min": 8.815526962280273,
      "max": 9.961366653442383
    },
    "hybrid_rerank": {
      "mean": 83.13096894158258,
      "median": 87.158203125,
      "min": 64.10408020019531,
      "max": 99.10726547241211
    },
    "hybrid_classified": {
      "mean": 83.34183692932129,
      "median": 87.77976036071777,
      "min": 63.90857696533203,
      "max": 97.82838821411133
    }
  },
  "concepts": {
    "vector_only": {
      "mean": 9.811533821953667,
      "median": 8.560657501220703,
      "min": 7.8792572021484375,
      "max": 14.617443084716797
    },
    "bm25_only": {
      "mean": 0.17714500427246094,
      "median": 0.1583099365234375,
      "min": 0.10991096496582031,
      "max": 0.2694129943847656
    },
    "hybrid_basic": {
      "mean": 10.213560528225369,
      "median": 8.978843688964844,
      "min": 8.294820785522461,
      "max": 15.201807022094727
    },
    "hybrid_rerank": {
      "mean": 64.67662917243109,
      "median": 55.315494537353516,
      "min": 53.72166633605957,
      "max": 83.38499069213867
    },
    "hybrid_classified": {
      "mean": 65.61575995551215,
      "median": 60.64152717590332,
      "min": 53.850650787353516,
      "max": 83.4510326385498
    }
  },
  "code_patterns": {
    "vector_only": {
      "mean": 9.759796990288628,
      "median": 8.445501327514648,
      "min": 7.4901580810546875,
      "max": 14.63937759399414
    },
    "bm25_only": {
      "mean": 0.23139847649468315,
      "median": 0.1933574676513672,
      "min": 0.13709068298339844,
      "max": 0.3764629364013672
    },
    "hybrid_basic": {
      "mean": 10.366678237915039,
      "median": 8.825063705444336,
      "min": 8.219242095947266,
      "max": 16.165733337402344
    },
    "hybrid_rerank": {
      "mean": 88.31299675835504,
      "median": 94.39945220947266,
      "min": 56.710004806518555,
      "max": 111.5713119506836
    },
    "hybrid_classified": {
      "mean": 87.63861656188965,
      "median": 93.57285499572754,
      "min": 56.73050880432129,
      "max": 112.39266395568848
    }
  }
}